CREATE DATABASE  IF NOT EXISTS `unifit` /*!40100 DEFAULT CHARACTER SET utf8mb4 COLLATE utf8mb4_general_ci */;
USE `unifit`;
-- MySQL dump 10.13  Distrib 8.0.38, for Win64 (x86_64)
--
-- Host: 127.0.0.1    Database: unifit
-- ------------------------------------------------------
-- Server version	5.5.5-10.4.32-MariaDB

/*!40101 SET @OLD_CHARACTER_SET_CLIENT=@@CHARACTER_SET_CLIENT */;
/*!40101 SET @OLD_CHARACTER_SET_RESULTS=@@CHARACTER_SET_RESULTS */;
/*!40101 SET @OLD_COLLATION_CONNECTION=@@COLLATION_CONNECTION */;
/*!50503 SET NAMES utf8 */;
/*!40103 SET @OLD_TIME_ZONE=@@TIME_ZONE */;
/*!40103 SET TIME_ZONE='+00:00' */;
/*!40014 SET @OLD_UNIQUE_CHECKS=@@UNIQUE_CHECKS, UNIQUE_CHECKS=0 */;
/*!40014 SET @OLD_FOREIGN_KEY_CHECKS=@@FOREIGN_KEY_CHECKS, FOREIGN_KEY_CHECKS=0 */;
/*!40101 SET @OLD_SQL_MODE=@@SQL_MODE, SQL_MODE='NO_AUTO_VALUE_ON_ZERO' */;
/*!40111 SET @OLD_SQL_NOTES=@@SQL_NOTES, SQL_NOTES=0 */;

--
-- Table structure for table `administradores`
--

DROP TABLE IF EXISTS `administradores`;
/*!40101 SET @saved_cs_client     = @@character_set_client */;
/*!50503 SET character_set_client = utf8mb4 */;
CREATE TABLE `administradores` (
  `AdministradorID` int(11) NOT NULL AUTO_INCREMENT,
  `Nome` varchar(100) NOT NULL,
  `Email` varchar(100) NOT NULL,
  `Senha` varchar(100) NOT NULL,
  `Cargo` varchar(100) DEFAULT NULL,
  PRIMARY KEY (`AdministradorID`),
  UNIQUE KEY `Email` (`Email`)
) ENGINE=InnoDB AUTO_INCREMENT=17 DEFAULT CHARSET=utf8mb4 COLLATE=utf8mb4_general_ci;
/*!40101 SET character_set_client = @saved_cs_client */;

--
-- Dumping data for table `administradores`
--

LOCK TABLES `administradores` WRITE;
/*!40000 ALTER TABLE `administradores` DISABLE KEYS */;
INSERT INTO `administradores` VALUES (6,'Mateus','mpbittenc@gmail.com','202cb962ac59075b964b07152d234b70',NULL),(16,'Felipe ','Felipe@univap','202cb962ac59075b964b07152d234b70',NULL);
/*!40000 ALTER TABLE `administradores` ENABLE KEYS */;
UNLOCK TABLES;

--
-- Table structure for table `exercicios`
--

DROP TABLE IF EXISTS `exercicios`;
/*!40101 SET @saved_cs_client     = @@character_set_client */;
/*!50503 SET character_set_client = utf8mb4 */;
CREATE TABLE `exercicios` (
  `idexercicio` int(11) NOT NULL AUTO_INCREMENT,
  `nome` varchar(100) NOT NULL,
  `musculo` varchar(100) DEFAULT NULL,
  `equipamento` text DEFAULT NULL,
  `dificuldade` varchar(50) DEFAULT NULL,
  `instrucao` text DEFAULT NULL,
  `tipo` varchar(45) DEFAULT NULL,
  `imagem` longtext DEFAULT NULL,
  PRIMARY KEY (`idexercicio`)
) ENGINE=InnoDB AUTO_INCREMENT=85 DEFAULT CHARSET=utf8mb4 COLLATE=utf8mb4_general_ci;
/*!40101 SET character_set_client = @saved_cs_client */;

--
-- Dumping data for table `exercicios`
--

LOCK TABLES `exercicios` WRITE;
/*!40000 ALTER TABLE `exercicios` DISABLE KEYS */;
INSERT INTO `exercicios` VALUES (1,'Rosca Martelo Inclinado','Bíceps','Haltere','Iniciante','Sente-se em um banco inclinado com um haltere em cada mão. Você deve pressionar firmemente contra as costas com os pés juntos. Deixe os halteres pendurados ao seu lado, segurando-os com uma pegada neutra. Esta será sua posição inicial. Inicie o movimento flexionando o cotovelo, tentando manter o braço parado. Continue até o início do movimento e faça uma pausa, depois retorne lentamente à posição inicial.','Forca','../ExerciciosGif/Rosca-Inclinado-Martelo.gif'),(2,'Rosca direta com barra larga','Bíceps','Barra','Iniciante','Fique em pé com o tronco ereto enquanto segura uma barra pela alça externa larga. As palmas das mãos devem estar voltadas para a frente. Os cotovelos devem estar próximos ao tronco. Esta será sua posição inicial. Mantendo os braços imóveis, enrole os pesos para a frente enquanto contrai os bíceps ao expirar. Dica: apenas os antebraços devem se mover. Continue o movimento até que os bíceps estejam totalmente contraídos e a barra esteja na altura dos ombros. Mantenha a posição contraída por um segundo e aperte bem o bíceps. Lentamente, comece a trazer a barra de volta à posição inicial enquanto inspira. Repita a quantidade recomendada de repetições. Variações: Você também pode realizar este movimento usando uma barra EZ ou acessório EZ preso a uma polia baixa. Essa variação realmente parece proporcionar uma boa contração no topo do movimento. Você também pode usar a empunhadura mais próxima para diversos fins.','Forca','../ExerciciosGif/Rosca-Direta-com-Barra-Larga.gif'),(3,'Rosca martelo','Bíceps','Halter','Intermediário','Fique em pé com o tronco ereto e um haltere em cada mão com o braço estendido. Os cotovelos devem estar próximos ao tronco. As palmas das mãos devem ficar voltadas para o tronco. Esta será sua posição inicial. Agora, mantendo o braço imóvel, expire e levante o peso para a frente enquanto contrai o bíceps. Continue levantando o peso até que os bíceps estejam totalmente contraídos e o haltere esteja na altura dos ombros. Mantenha a posição contraída por um breve momento enquanto contrai o bíceps. Dica: concentre-se em manter o cotovelo imóvel e mover apenas o antebraço. Após a breve pausa, inspire e comece a abaixar lentamente os halteres de volta à posição inicial. Repita a quantidade recomendada de repetições. Variações: Existem muitas variações possíveis para este movimento. Por exemplo, você pode realizar o exercício sentado em um banco com ou sem costas e também pode realizá-lo alternando os braços; primeiro levante o braço direito para uma repetição, depois o esquerdo, depois o direito, etc.','Forca','../ExerciciosGif/Rosca Martelo.gif'),(4,'Rosca Spider','Bíceps','Barra/Halter','Intermediário','Comece colocando a barra na parte do banco do pregador onde você normalmente se sentaria. Certifique-se de alinhar a barra corretamente para que ela fique equilibrada e não caia. Vá para a frente do banco do pregador (a parte onde normalmente ficam os braços) e posicione-se em uma inclinação de 45 graus com o tronco e o estômago pressionados contra a frente do banco do pregador. Certifique-se de que seus pés (especialmente os dedos dos pés) estejam bem posicionados no chão e coloque os braços em cima da almofada localizada na parte interna do banco do pregador. Use os braços para agarrar a barra com uma pegada supinada (palmas voltadas para cima) aproximadamente na largura dos ombros ou ligeiramente mais próximas. Comece lentamente a levantar a barra e expire. Mantenha a posição contraída por um segundo enquanto contrai o bíceps. Lentamente, comece a trazer a barra de volta à posição inicial enquanto inspira. Repita a quantidade recomendada de repetições. Variação: Você também pode usar halteres ao realizar este exercício. Apenas certifique-se de colocar os halteres na parte do banco do pregador onde você normalmente se sentaria corretamente.','Forca','../ExerciciosGif/Rosca-Spider.gif'),(5,'Rosca Zottman','Bíceps','Halter','Intermediário','Fique em pé com o tronco ereto e um haltere em cada mão com o braço estendido. Os cotovelos devem estar próximos ao tronco. Certifique-se de que as palmas das mãos estejam voltadas uma para a outra. Esta será sua posição inicial. Mantendo o braço imóvel, enrole os pesos enquanto contrai o bíceps ao expirar. Apenas os antebraços devem se mover. Seu pulso deve girar para que você tenha uma pegada supinada (palmas para cima). Continue o movimento até que os bíceps estejam totalmente contraídos e os halteres estejam na altura dos ombros. Mantenha a posição contraída por um segundo enquanto contrai o bíceps. Agora, enquanto estiver na posição contraída, gire o pulso até obter uma pegada pronada (palmas voltadas para baixo) com o polegar em uma posição mais alta que o dedo mínimo. Lentamente, comece a abaixar os halteres usando uma pegada pronada. À medida que os halteres fecham as coxas, comece a girar o pulso para retornar a uma pegada neutra (palmas voltadas para o corpo). Repita a quantidade recomendada de repetições.','Forca','../ExerciciosGif/Rosca-Zottman.gif'),(6,'Rosca direta barra W','Bíceps','Barra W','Intermediário','Fique em pé enquanto segura uma barra W na alça externa larga. As palmas das mãos devem estar voltadas para a frente e ligeiramente inclinadas para dentro devido ao formato da barra. Mantenha os cotovelos próximos ao tronco. Isto será sua posição inicial. Agora, enquanto mantém os braços parados, expire e curve os pesos para frente enquanto contrai os bíceps. Concentre-se apenas em mover os antebraços. Continue a levantar o peso até que os bíceps estejam totalmente contraídos e a barra esteja no ombro nível. Mantenha a posição contraída superior por um momento e contraia os bíceps. Em seguida, inspire e abaixe lentamente a barra de volta à posição inicial. Repita pela quantidade recomendada de repetições. Variações: você também pode executar este movimento usando um acessório E-Z preso a uma polia baixa. Esta variação parece realmente fornecer uma boa contração no topo do movimento. Você também pode usar a pegada mais próxima para fins de variedade.','Força','../ExerciciosGif/Rosca direta com barra W.gif'),(7,'Rosca Concentrada','Bíceps','Halter','Iniciante','Comece em pé com um haltere em cada mão. Seus braços devem estar pendurados ao lado do corpo, com as palmas voltadas para a frente. Olhe para frente, mantendo o peito erguido e os pés afastados na largura dos ombros. Esta será sua posição inicial. Comece o movimento flexionando os cotovelos para levantar o peso. Não use impulso nem flexione o ombro; em vez disso, use um movimento controlado. Execute o movimento de pressão estendendo o braço, flexionando e abduzindo o ombro para girar o braço enquanto pressiona acima da cabeça. Faça uma pausa no início do movimento antes de reverter o movimento para retornar à posição inicial. Complete o número desejado de repetições antes de mudar para o lado oposto.','Força','../ExerciciosGif/Rosca Concentrada.gif'),(8,'Rosca com barra','Bíceps','Barra','Intermediário','Fique em pé com o tronco ereto enquanto segura uma barra na largura dos ombros. As palmas das mãos devem estar voltadas para a frente e os cotovelos devem estar próximos ao tronco. Esta será sua posição inicial. Mantendo os braços imóveis, levante os pesos para a frente enquanto contrai os bíceps ao expirar. Dica: apenas os antebraços devem se mover. Continue o movimento até que os bíceps estejam totalmente contraídos e a barra esteja na altura dos ombros. Mantenha a posição contraída por um segundo e aperte bem o bíceps. Lentamente, comece a trazer a barra de volta à posição inicial enquanto inspira. Repita a quantidade recomendada de repetições. Variações: Você também pode realizar esse movimento usando uma barra reta presa a uma roldana baixa. Essa variação realmente parece proporcionar uma boa contração no topo do movimento. Você também pode usar a empunhadura mais próxima para diversos fins.','Força','../ExerciciosGif/Rosca-Com-Barra.gif'),(9,'Rosca concentrada','Bíceps','Halter','Intermediário','Sente-se em um banco plano com um haltere à sua frente, entre as pernas. Suas pernas devem estar abertas, com os joelhos dobrados e os pés no chão. Use o braço direito para pegar o haltere. Coloque a parte de trás do braço direito na parte interna da coxa direita. Gire a palma da mão até que fique voltada para a frente, longe da coxa. Dica: Seu braço deve estar estendido e o haltere acima do chão. Esta será sua posição inicial. Mantendo o braço imóvel, enrole os pesos para a frente enquanto contrai o bíceps ao expirar. Apenas os antebraços devem se mover. Continue o movimento até que os bíceps estejam totalmente contraídos e os halteres estejam na altura dos ombros. Dica: No início do movimento, certifique-se de que o dedo mínimo esteja mais alto que o polegar. Isso garante uma boa contração. Mantenha a posição contraída por um segundo enquanto contrai o bíceps. Lentamente, comece a trazer os halteres de volta à posição inicial enquanto inspira. Cuidado: Evite movimentos de balanço a qualquer momento. Repita a quantidade recomendada de repetições. Depois repita o movimento com o braço esquerdo. Variações: Este exercício pode ser realizado em pé, com o tronco inclinado para a frente e o braço à sua frente. Neste caso, nenhum apoio de perna é usado na parte de trás do braço, portanto você precisará fazer um esforço extra para garantir que não haja movimento da parte superior do braço. Esta é uma versão mais desafiadora do exercício e não é recomendada para pessoas com problemas na região lombar.','Força','../ExerciciosGif/Rosca Concentrada.gif'),(10,'Rosca inclinada apoiada no banco 30 / 45 graus','Bíceps','Halter','Intermediário','Segure o halter voltado para o lado mais distante de você para que você tenha mais peso no lado mais próximo de você. (Isso pode ser feito para um bom efeito em todos os exercícios com halteres para bíceps). Agora faça uma rosca direta inclinada normal com halteres. , mas mantenha os pulsos o mais para trás possível para neutralizar qualquer estresse colocado sobre eles. Sente-se em um banco inclinado com um ângulo de 45 graus enquanto segura um halter em cada mão. Deixe os braços pendurados ao lado do corpo. , com os cotovelos para dentro, e vire as palmas das mãos para frente com os polegares apontando para longe do corpo. Dica: você manterá esta posição das mãos durante todo o movimento, pois não deve haver nenhuma torção das mãos à medida que elas sobem. Isso será sua posição inicial. Enrole os dois halteres ao mesmo tempo até que seus bíceps estejam totalmente contraídos e expire. Dica: não balance os braços nem use impulso. Mantenha um movimento controlado o tempo todo. Mantenha a posição contraída por um segundo no topo. Ao inspirar, volte lentamente à posição inicial. Repita a quantidade recomendada de repetições. Cuidado: Não estenda totalmente os braços, pois você pode machucar os cotovelos se hiperestendê-los. Além disso, certifique-se de que, ao descer, você se mova lentamente para evitar lesões. Variações: Você também pode usar cabos para esse movimento','Força','../ExerciciosGif/Rosca-Inclinada-Apoiado-no-Banco-30-45-graus.gif'),(11,'Tríceps mergulho','Tríceps','Somente o corpo','Intermediário','Para chegar à posição inicial, mantenha o corpo afastado dos braços estendidos, com os braços quase travados acima das barras. Agora inspire e abaixe-se lentamente. Seu tronco deve permanecer ereto e os cotovelos próximos ao corpo. Isso ajuda você a se concentrar melhor no envolvimento do tríceps. Abaixe-se até que haja um ângulo de 90 graus entre o braço e o antebraço. Em seguida, expire e empurre o tronco para cima usando o tríceps para trazer o corpo de volta à posição inicial. Repita o movimento pela quantidade prescrita de repetições. Variações: Se você é novo neste exercício e não tem força para realizá-lo, use uma máquina de mergulho auxiliar, se disponível. Essas máquinas usam peso para ajudá-lo a aumentar o peso corporal. Caso contrário, um observador segurando suas pernas pode ajudar. Levantadores mais avançados podem adicionar peso ao exercício usando um cinto de peso que permite a adição de anilhas pesadas.','Força','../ExerciciosGif/Tríceps mergulho.gif'),(12,'Tríceps testa declinado','Tríceps','Barra W','Intermediário','Prenda as pernas no final do banco declínado e deite-se lentamente no banco. Usando uma pegada fechada (uma pegada um pouco menor que a largura dos ombros), levante a barra W do rack e segure-a diretamente acima de você, com os braços travados e os cotovelos para dentro. Dica: Para proteger o manguito rotador, é melhor ter um observador para ajudá-lo a levantar a barra do suporte. Enquanto inspira e mantém os braços imóveis, abaixe lentamente a barra, movendo os antebraços em um movimento semicircular em sua direção até sentir a barra tocar levemente sua testa. Inspire enquanto executa esta parte do movimento. Levante a barra de volta à posição inicial contraindo o tríceps e expirando. Repita até que a quantidade recomendada de repetições seja realizada. Variações: Você pode usar uma barra reta ou halteres para realizar esse movimento. Você também pode executá-lo em uma bancada plana.','Força','../ExerciciosGif/tricpes teste declinado.gif'),(13,'Tríceps puxador ','Tríceps','Barra V/Polia','Intermediário','Prenda uma barra em V a uma polia alta e segure com uma pegada por cima (palmas voltadas para baixo) na largura dos ombros. Em pé, com o tronco reto e uma pequena inclinação para a frente, aproxime os braços do corpo e perpendiculares ao chão. Seus antebraços devem apontar para a polia enquanto segura a barra. Os polegares devem estar mais altos que o dedo mínimo. Essa é sua posição inicial. Usando o tríceps, abaixe a barra até que ela toque a frente das coxas e os braços fiquem totalmente estendidos perpendicularmente ao chão. Os braços devem permanecer sempre próximos ao tronco e apenas os antebraços devem se mover. Expire ao realizar esse movimento. Após uma segunda manutenção na posição contraída, traga lentamente a Barea V até o ponto inicial. Inspire ao executar esta etapa. Repita a quantidade recomendada de repetições. Variações: Existem muitas variações deste movimento. Por exemplo, você pode usar um acessório de barra EZ, bem como um acessório de barra reta para diferentes variações do exercício. Além disso, você pode prender uma corda à polia e também usar uma pegada reversa nos exercícios com barra. Igual ao pushdown de tríceps, mas com o acessório Barra V.','Força','../ExerciciosGif/Tríceps puxador.gif'),(14,'Tríceps testa','Tríceps','Barra W','Intermediário','Usando uma pegada firme, levante a barra W e segure-a com os cotovelos enquanto se deita no banco. Seus braços devem estar perpendiculares ao chão. Esta será sua posição inicial. Mantendo os braços imóveis, abaixe a barra permitindo que os cotovelos flexionem. Inspire enquanto executa esta parte do movimento. Faça uma pausa quando a barra estiver diretamente acima da sua testa. Levante a barra de volta à posição inicial estendendo o cotovelo e expirando. Repita.','Força','../ExerciciosGif/Tríceps testa.gif'),(15,'Tríceps puxador inverso','Tríceps','Barra / Polia','Intermediário','Comece configurando um acessório de barra (reto ou W) em uma máquina de polia alta. De frente para a barra, agarre-a com as palmas voltadas para cima (pega supinada) na largura dos ombros. Abaixe a barra usando os dorsais até que os braços estejam totalmente estendidos ao lado do corpo. Dica: os cotovelos devem estar ao lado do corpo e os pés afastados na largura dos ombros. esta é a posição inicial. Levante lentamente o acessório da barra enquanto inspira, para que fique alinhado com o seu peito. Apenas os antebraços devem se mover e os cotovelos/braços devem estar sempre parados ao lado do corpo. Em seguida, comece a abaixar a barra do cabo de volta à posição inicial original enquanto expira e contrai firmemente o tríceps. Repita a quantidade recomendada de repetições. Variação: Este exercício também pode ser realizado com uma única alça, utilizando um braço de cada vez. Isso permitirá que você isole melhor o tríceps. Com esta versão, você pode se identificar colocando a mão no antebraço e aplicando alguma pressão para ajudá-lo a realizar mais repetições do que antes.','Força','../ExerciciosGif/Triceps reverso.gif'),(16,'Flexões - Posição Fechada do Tríceps','Tríceps','Somente o corpo','Intermediário','Deite-se no chão de bruços e coloque as mãos mais próximas do que a largura dos ombros para uma posição de mãos fechadas. Certifique-se de manter o tronco ereto com os braços estendidos. Abaixe-se até que seu peito quase toque o chão enquanto inspira. Usando o tríceps e alguns músculos peitorais, pressione a parte superior do corpo de volta à posição inicial e contraia o peito. Expire ao executar esta etapa. Após uma segunda pausa na posição contraída, repita o movimento pelo número de repetições prescrito. Variações: Se você é novo neste exercício e não tem força para realizá-lo, pode dobrar as pernas na altura dos joelhos para aliviar a resistência ou realizar o exercício contra a parede em vez do chão. Para levantadores mais avançados, você pode colocar os pés em uma superfície alta, como um banco, para aumentar a resistência. Veja também: Flexão','Força','../ExerciciosGif/flexao fechada.gif'),(17,'Extensão de tríceps de um braço ','Tríceps','Corda / Polia','Intermediário','Com a mão direita, segure uma única alça presa à polia do cabo alto usando uma pegada supinada (por baixo; palmas voltadas para cima). Você deve estar diretamente na frente da pilha de pesos. Agora puxe a alça para baixo de modo que o braço e o cotovelo fiquem travados ao seu lado. O braço e o antebraço devem formar um ângulo agudo (menos de 90 graus). Você pode manter o outro braço em volta da cintura e ter uma perna na frente e a outra atrás para melhor equilíbrio. Esta será sua posição inicial. Ao contrair o tríceps, mova a alça única para o lado até que o braço fique reto. Expire enquanto executa este movimento. Dica: apenas os antebraços devem se mover. Seus braços devem permanecer imóveis o tempo todo. Contraia o tríceps e segure por um segundo nesta posição contraída. Retorne lentamente a alça à posição inicial. Repita pelo número recomendado de repetições e depois execute o mesmo movimento com o outro braço. Variações: Você pode usar faixas de exercícios para realizar este exercício.','Força','../ExerciciosGif/extensão de tríceps.gif'),(18,'Supino Reto','Peito','Barra e Bancada','Intermediário','Deite-se em um banco plano, segure a barra na largura dos ombros, abaixe-a até o peito e empurre-a de volta à posição inicial','Força','../ExerciciosGif/Supino-reto-com-haltere.gif'),(19,'Flexões de Braço','Peito','Somente o corpo','Iniciante','Comece em posição de prancha, abaixe o corpo até o peito quase tocar o chão e depois empurre-o de volta à posição inicial.','Força','../ExerciciosGif/Flexão.gif'),(20,'Crossover de Cabos','Peito','Máquina de Cabos ou Polia','Intermediário','Posicione as polias em altura média, cruze os braços na frente do corpo, trazendo as mãos em direção ao centro e depois volte à posição inicial.','Força','../ExerciciosGif/CrossOver.gif'),(21,'Flexões Declinadas','Peito','Banco Declinado (Opcional)','Intermediário','Faça flexões com os pés elevados em um banco, mantendo o corpo em linha reta e os cotovelos próximos ao corpo.','Força','../ExerciciosGif/Flexão declinada.gif'),(22,'Pullover com Halteres','Peito','Halteres','Intermediário','Deite-se em um banco, segure um haltere com as duas mãos acima do peito, abaixe-o atrás da cabeça e depois volte à posição inicial.','Força','../ExerciciosGif/Pullover.gif'),(23,'Peck Deck (Máquina Fly)','Peito','Máquina Peck Deck','Intermediário','Sente-se na máquina com os cotovelos alinhados com os ombros, abra os braços para os lados e depois traga-os de volta à frente do corpo.','Força','../ExerciciosGif/fly.gif'),(24,'Flexões com Pegada aberta','Peito','Somente o corpo','Iniciante a intermediário','Faça flexões com as mãos posicionadas mais largas que a largura dos ombros, mantendo o corpo em linha reta.','Força','../ExerciciosGif/flexao com pegada aberta.gif'),(25,'Remada com Barra','Costas','Barra','Intermediário','Fique em pé com os pés na largura dos ombros e segure a barra com as mãos afastadas na largura dos ombros, palmas voltadas para dentro. Incline ligeiramente o tronco para a frente e, mantendo as costas retas, puxe a barra em direção ao abdômen, mantendo os cotovelos próximos ao corpo. Estenda os braços para retornar à posição inicial.','Força','../ExerciciosGif/remada curvada.gif'),(26,'Puxada na Barra Fixa (Pull-up)','Costas','Barra fixa','Intermediário','Segure a barra com as mãos afastadas na largura dos ombros, palmas voltadas para fora. Pendure-se na barra com os braços estendidos e puxe o corpo para cima até que o queixo ultrapasse a barra. Lentamente, desça controladamente até a posição inicial.','Força','../ExerciciosGif/Puxada-na-Barra-Fixa-_Pull-up_.gif'),(27,'Remada com Halteres','Costas',' Halteres','Intermediário','Fique em pé com os halteres nas mãos ao lado do corpo, com as palmas voltadas uma para a outra. Dobre ligeiramente os joelhos e incline o tronco para a frente. Puxe os halteres em direção ao abdômen, mantendo os cotovelos próximos ao corpo. Estenda os braços para retornar à posição inicial.','Força','../ExerciciosGif/Remada-com-Halteres-ou-Remada-Cavalinho.gif'),(28,'Remada Curvada','Costas',' Barra','Intermediário','Fique em pé com os pés afastados na largura dos ombros e segure a barra na frente das coxas com as mãos afastadas na largura dos ombros, palmas voltadas para dentro. Incline ligeiramente o tronco para a frente e, mantendo as costas retas, puxe a barra em direção ao abdômen, mantendo os cotovelos próximos ao corpo. Estenda os braços para retornar à posição inicial.','Força','../ExerciciosGif/Puxada-com-Barra.gif'),(29,'Puxada Alta na Polia (Lat Pulldown)','Costas',' Polia alta','Iniciante a intermediário','Sente-se na máquina de lat pulldown com os joelhos firmemente posicionados sob os rolos de espuma. Segure a barra com as mãos afastadas além da largura dos ombros, palmas voltadas para fora. Puxe a barra em direção à parte superior do peito, mantendo os cotovelos apontados para baixo. Lentamente, estenda os braços para retornar à posição inicial.','Força','../ExerciciosGif/Puxada-Alta-na-Polia-_Lat-Pulldown_.gif'),(30,'Remada Unilateral com Halteres','Costas',' Halteres','Intermediário','Fique em pé com um halter em uma das mãos, com o corpo inclinado para a frente e o joelho oposto apoiado em um banco. Deixe o halter pendurado abaixo do ombro. Puxe o halter em direção ao abdômen, mantendo o cotovelo próximo ao corpo. Estenda o braço para retornar à posição inicial e repita com o outro braço.','Força','../ExerciciosGif/Remada-Unilateral-com-Halteres-ou-Remada-Serrote.gif'),(31,'Hiperextensão','Costas',' Banco de hiperextensão','Intermediário','Deite-se de bruços no banco de hiperextensão, com os quadris na borda e os pés firmemente apoiados. Cruze os braços sobre o peito ou segure um peso atrás da cabeça. Levante o tronco até que ele fique em linha reta com as pernas, contraindo os músculos das costas. Lentamente, abaixe o tronco de volta à posição inicial.','Força','../ExerciciosGif/hiperextensao.gif'),(32,'Puxada com Triângulo na Barra Fixa','Costas',' Barra fixa','Intermediário','Segure a barra com um aperto de triângulo (mãos próximas e palmas voltadas uma para a outra). Pendure-se na barra com os braços estendidos e puxe o corpo para cima até que o queixo ultrapasse a barra. Lentamente, desça controladamente até a posição inicial.','Força','../ExerciciosGif/barra fixa.gif'),(33,'Pulldown com Corda na Polia Alta','Costas',' Polia alta','Intermediário','Sente-se na máquina de polia alta com os joelhos firmemente posicionados sob os rolos de espuma. Segure a corda com as mãos afastadas além da largura dos ombros, palmas voltadas para fora. Puxe a corda em direção ao peito, mantendo os cotovelos apontados para baixo. Estenda os braços para retornar à posição inicial.','Força','../ExerciciosGif/Pulldown-com-Corda-na-Polia-Alta-ou-Pulldown-com-Corda-em-Pé.gif'),(34,'Remada Curvada com Barra T','Costas','Barra','Intermediário','Fique em pé com os pés afastados na largura dos ombros e segure a barra na frente das coxas com as mãos afastadas na largura dos ombros, palmas voltadas para dentro. Incline ligeiramente o tronco para a frente e, mantendo as costas retas, puxe a barra em direção ao abdômen, mantendo os cotovelos próximos ao corpo. Estenda os braços para retornar à posição inicial.','Força','../ExerciciosGif/remada cavalinho-curvada com barra T.gif'),(35,'Pull Through com Corda','Costas','Polia baixa','Intermediário','Fique de pé de frente para a máquina com os pés afastados na largura dos ombros e segure a corda com ambas as mãos entre as pernas. Mantendo as costas retas, incline-se ligeiramente para a frente e estenda os quadris para trás. Puxe a corda para cima e para frente, estendendo os quadris completamente. Retorne à posição inicial controladamente.','Força','../ExerciciosGif/Pull-Through-com-Corda.gif'),(36,'Puxada na Polia Alta com Barra em T','Costas','Polia alta','Intermediário','Fique em pé de frente para a máquina com os pés afastados na largura dos ombros e segure a barra em T com as palmas voltadas para baixo. Mantendo as costas retas, puxe a barra em direção ao abdômen, mantendo os cotovelos próximos ao corpo. Estenda os braços para retornar à posição inicial.','Força','../ExerciciosGif/Puxada-na-Barra-Fixa-_Pull-up_.gif'),(37,'Remada Cavalinho','Costas','Barra','Intermediário','Fique em pé com os pés afastados além da largura dos ombros e segure a barra com as mãos afastadas além da largura dos ombros, palmas voltadas para dentro. Incline ligeiramente o tronco para a frente e, mantendo as costas retas, puxe a barra em direção ao abdômen, mantendo os cotovelos próximos ao corpo. Estenda os braços para retornar à posição inicial.','Força','../ExerciciosGif/remada cavalinho.gif'),(38,'Pulldown com Corda em Pé','Costas','Polia alta','Iniciante a intermediário','Fique de pé de frente para a máquina com os pés afastados na largura dos ombros e segure a corda com ambas as mãos. Mantendo as costas retas, puxe a corda em direção ao peito, mantendo os cotovelos apontados para baixo. Estenda os braços para retornar à posição inicial.','Força','../ExerciciosGif/Pulldown-com-Corda-na-Polia-Alta-ou-Pulldown-com-Corda-em-Pé.gif'),(39,'Remada Serrote','Costas','Halteres','Iniciante','Fique em pé com um halter em uma das mãos e incline o tronco para a frente. Deixe o halter pendurado abaixo do ombro. Puxe o halter em direção ao abdômen, mantendo o cotovelo próximo ao corpo. Estenda o braço para retornar à posição inicial e repita com o outro braço.','Força','../ExerciciosGif/Remada-Unilateral-com-Halteres-ou-Remada-Serrote.gif'),(40,'Puxada Alta com Triângulo na Polia Baixa','Costas','Polia baixa','Intermediário','Fique de pé de frente para a máquina com os pés afastados na largura dos ombros e segure a barra em triângulo (mãos próximas e palmas voltadas uma para a outra). Mantendo as costas retas, puxe a barra em direção ao abdômen, mantendo os cotovelos próximos ao corpo. Estenda os braços para retornar à posição inicial.','Força','../ExerciciosGif/Puxada-Alta-com-Triângulo.gif'),(41,'Puxada Fechada na Polia Alta','Costas','Polia alta','Intermediário','Fique de pé de frente para a máquina com os pés afastados na largura dos ombros e segure a barra com as mãos próximas, palmas voltadas uma para a outra. Mantendo as costas retas, puxe a barra em direção ao abdômen, mantendo os cotovelos próximos ao corpo. Estenda os braços para retornar à posição inicial.','Força','../ExerciciosGif/Puxada-Fechada-na-Polia-Alta.gif'),(42,'Puxada com Cabo em Pé','Costas','Polia alta','Intermediário','Fique de pé de frente para a máquina com os pés afastados na largura dos ombros e segure a barra com as mãos afastadas na largura dos ombros. Mantendo as costas retas, puxe a barra em direção ao abdômen, mantendo os cotovelos próximos ao corpo. Estenda os braços para retornar à posição inicial.','Força','../ExerciciosGif/Pull-Through-com-Corda.gif'),(43,'Puxada com Triângulo na Polia Alta','Costas','Polia alta','Intermediário','Fique de pé de frente para a máquina com os pés afastados na largura dos ombros e segure a barra em triângulo (mãos próximas e palmas voltadas uma para a outra). Mantendo as costas retas, puxe a barra em direção ao abdômen, mantendo os cotovelos próximos ao corpo. Estenda os braços para retornar à posição inicial.','Força','../ExerciciosGif/Puxada-Alta-com-Triângulo.gif'),(44,'Puxada na Polia Baixa com Barra Reta','Costas','Polia baixa','Intermediário','Fique de pé de frente para a máquina com os pés afastados na largura dos ombros e segure a barra com as mãos afastadas na largura dos ombros, palmas voltadas para baixo. Mantendo as costas retas, puxe a barra em direção ao abdômen, mantendo os cotovelos próximos ao corpo. Estenda os braços para retornar à posição inicial.','Força','../ExerciciosGif/Puxada-na-Polia-Baixa-com-Barra-Reta.gif'),(45,'Desenvolvimento ','Ombro','Barra ou halteres','Intermediário','Fique em pé com os pés na largura dos ombros e segure a barra na altura dos ombros, com as palmas das mãos voltadas para a frente. Levante a barra acima da cabeça estendendo os braços completamente, mantendo os cotovelos ligeiramente flexionados. Abaixe a barra de volta à posição inicial','Força','../ExerciciosGif/Desenvolvimento.gif'),(46,'Elevação Lateral','Ombro','Halteres ou halteres','Intermediário','Fique em pé com os halteres nas mãos ao lado do corpo, com as palmas voltadas para dentro. Levante os braços para os lados até que fiquem paralelos ao chão, mantendo os cotovelos ligeiramente flexionados. Abaixe os halteres de volta à posição inicial controladamente.','Força','../ExerciciosGif/Elevação lateral.gif'),(47,'Remada Alta','Ombro','Barra','Intermediário','Fique em pé com os pés na largura dos ombros e segure a barra com as mãos afastadas na largura dos ombros, palmas voltadas para dentro. Levante a barra em direção ao queixo, mantendo os cotovelos elevados e paralelos ao chão. Abaixe a barra controladamente de volta à posição inicial.','Força','../ExerciciosGif/Remada alta.gif'),(48,'Desenvolvimento Arnold','Ombro','Halter','Intermediário','Comece com os halteres na altura dos ombros, palmas voltadas para dentro. Levante os halteres acima da cabeça enquanto gira os braços para que as palmas das mãos fiquem voltadas para fora no topo do movimento. Abaixe os halteres de volta à posição inicial, girando os braços de volta para a posição inicial.','Força','../ExerciciosGif/Desenvolvimento.gif'),(49,'Face Pull','Ombro','Polia alta','Intermediário','Anexe uma corda ou uma alça à polia alta. Fique em pé com os pés na largura dos ombros e segure a corda com as palmas voltadas para dentro, braços estendidos à frente do corpo. Puxe a corda em direção ao rosto, mantendo os cotovelos elevados e afastados dos lados. Retorne à posição inicial controladamente.','Força','../ExerciciosGif/Face Pull.gif'),(50,'Elevação Frontal','Ombro','Halter','Intermediário','Fique em pé com os halteres nas mãos ao lado do corpo, com as palmas voltadas para dentro. Levante os braços à frente do corpo até a altura dos ombros, mantendo os cotovelos ligeiramente flexionados. Abaixe os halteres de volta à posição inicial controladamente.','Força','../ExerciciosGif/Elevação Frontal.gif'),(51,'Encolhimento de Ombros','Ombro','Barra ou halteres','Intermediário','Fique em pé com os pés na largura dos ombros e segure a barra na frente do corpo ou halteres nas mãos ao lado do corpo. Eleve os ombros em direção às orelhas o máximo possível e segure a contração por um momento. Abaixe os ombros de volta à posição inicial controladamente.','Força','../ExerciciosGif/Encolhimeto de ombro.gif'),(52,'Remada Alta com Cabo','Ombro','Polia baixa','Intermediário','Anexe uma barra reta ou uma corda à polia baixa. Fique em pé de frente para a máquina com os pés na largura dos ombros e segure a barra ou corda com as palmas voltadas para dentro. Levante a barra em direção ao queixo, mantendo os cotovelos elevados e paralelos ao chão. Abaixe a barra controladamente de volta à posição inicial.','Força','../ExerciciosGif/Remada alta com corda.gif'),(53,'Elevação de Ombros com Halteres Sentado','Ombro','Halteres e banco','Intermediário','Sente-se em um banco com os halteres nas mãos ao lado do corpo, com as palmas voltadas para dentro. Levante os braços até a altura dos ombros, mantendo os cotovelos ligeiramente flexionados. Abaixe os halteres de volta à posição inicial controladamente.','Força','../ExerciciosGif/Elevação lateral sentado.gif'),(54,'Leg Press Unilateral','Quadríceps','Máquina','Intermediário','Carregue o trenó com um peso apropriado. Sente-se na máquina, colocando um pé no plataforma alinhado com o seu quadril. O outro pé livre pode ficar no chão. Mantenha uma boa posição da coluna com a cabeça e o peito erguidos. Apoiando o peso, estenda completamente o joelho e destrave o trenó. Essa será sua posição inicial. Baixe o peso flexionando o quadril e o joelho, continuando até onde a flexibilidade permitir. Não permita que a região lombar assuma a carga movendo a pélvis. No ponto mais baixo do movimento, pause brevemente e então retorne à posição inicial estendendo o quadril e o joelho. Complete todas as repetições para uma perna antes de trocar para a outra.','Força','../ExerciciosGif/Leg Press Unilateral.gif'),(55,'Levantamento de Barra a Partir de Step','Quadríceps','Barra','Iniciante','Com uma barra em blocos ou suportes na altura desejada, faça uma pegada pronada ou em gancho logo fora das pernas. Abaixe os quadris com o peso concentrado nos calcanhares, mantenha as costas retas, olhando para frente, peito erguido, com os ombros ligeiramente à frente da barra. Essa será sua posição inicial. Inicie o primeiro movimento impulsionando pelos calcanhares, estendendo os joelhos. O ângulo das costas deve permanecer o mesmo, e os braços devem permanecer retos com os cotovelos apontados para fora. Em seguida, vem o segundo movimento, a principal fonte de aceleração para o arremesso. Quando a barra se aproxima da posição do meio da coxa, comece a estender os quadris. Em um movimento de salto, acelere estendendo os quadris, joelhos e tornozelos, usando a velocidade para mover a barra para cima. Não deve ser necessário puxar ativamente pelos braços para acelerar o peso. No final do segundo movimento, o corpo deve estar completamente estendido, inclinando-se ligeiramente para trás, com os braços ainda estendidos. Quando a extensão total for alcançada, transicione para a posição de recebimento encolhendo os ombros agressivamente e flexionando os braços com os cotovelos para cima e para fora. Puxe-se agressivamente para baixo, girando os cotovelos sob a barra enquanto o faz. Receba a barra em uma posição de agachamento frontal, cuja profundidade depende da altura da barra no final do terceiro movimento. A barra deve ser apoiada nos ombros protrusos, tocando levemente a garganta com as mãos relaxadas. Continue a descer para a posição de agachamento inferior, o que ajudará na recuperação. Recupere imediatamente impulsionando pelos calcanhares, mantendo o torso ereto e os cotovelos para cima. Continue até ficar de pé. Devolva o peso para os blocos para a próxima repetição.','Força','../ExerciciosGif/step[.gif'),(56,'Extensora','Quadríceps','Máquina','Iniciante','Sente-se na máquina de extensão de pernas com os joelhos alinhados com o eixo de rotação da máquina. Enganche os tornozelos sob os rolos acolchoados. Estenda as pernas completamente, mantendo o movimento controlado, e depois retorne à posição inicial.','Força','../ExerciciosGif/extensora.gif'),(57,'Agachamento Búlgaro','Quadríceps','Halteres','Iniciante','Segure um haltere em cada mão ao lado do corpo. Coloque o topo de um pé em um banco ou plataforma elevada atrás de você. Dê um passo à frente com a outra perna e dobre os joelhos para baixar o corpo até que a perna de trás quase toque o chão. Empurre com a perna da frente para retornar à posição inicial e repita com a outra perna.','Força','../ExerciciosGif/Agachamento bulgaro.gif'),(58,'Leg Press 45°/60°','Quadríceps','Máquina','Intermediário','Sente-se na máquina de leg press com os pés na plataforma na largura dos ombros. Empurre a plataforma para longe de você até que suas pernas estejam quase totalmente estendidas, mantendo os joelhos alinhados com os dedos dos pés. Lentamente, dobre os joelhos para baixar a plataforma de volta à posição inicial, mantendo o movimento controlado.','Força','../ExerciciosGif/Leg Press 45.gif'),(59,'Agachamento Hack','Quadríceps','Máquina de agachamento hack','Intermediário','Fique em pé dentro da máquina de agachamento hack com as costas retas e os ombros apoiados no apoio traseiro. Coloque os pés na plataforma com os dedos dos pés virados para fora e os calcanhares apoiados na plataforma. Desça lentamente flexionando os joelhos até que as coxas fiquem paralelas ao chão. Mantenha a posição por um momento e, em seguida, estenda os joelhos para retornar à posição inicial, mantendo os músculos sob tensão. Evite bloquear os joelhos no topo do movimento.','Força','../ExerciciosGif/Agachamento hack.gif'),(60,'Agachamento Sumô','Quadríceps','Agachamento Sumô','Intermediário','Fique em pé com os pés afastados além da largura dos ombros e os dedos dos pés apontados para fora em um ângulo de 45 graus. Segure a barra na frente do corpo ou halteres ao lado das coxas. Agache-se, mantendo as costas retas e os joelhos alinhados com os dedos dos pés. Desça o máximo que puder, mantendo os joelhos alinhados com os pés, e então empurre com os calcanhares para retornar à posição inicial.','Força','../ExerciciosGif/Agachamento sumo.gif'),(84,'Agachamento Livre','Quadríceps','Barra','Intermediário','O agachamento livre é um exercício de força fundamental que trabalha principalmente os músculos das pernas e glúteos, além de envolver o core para estabilidade.','Força','../ExerciciosGif/Agachamento livre.gif');
/*!40000 ALTER TABLE `exercicios` ENABLE KEYS */;
UNLOCK TABLES;

--
-- Table structure for table `lista`
--

DROP TABLE IF EXISTS `lista`;
/*!40101 SET @saved_cs_client     = @@character_set_client */;
/*!50503 SET character_set_client = utf8mb4 */;
CREATE TABLE `lista` (
  `idlista` int(11) NOT NULL AUTO_INCREMENT,
  `nome` varchar(45) NOT NULL,
  `tipo` varchar(45) NOT NULL,
  `usuario_UsuarioID` int(11) DEFAULT NULL,
  PRIMARY KEY (`idlista`),
  KEY `fk_usuario_lista` (`usuario_UsuarioID`),
  CONSTRAINT `fk_usuario_lista` FOREIGN KEY (`usuario_UsuarioID`) REFERENCES `usuarios` (`UsuarioID`)
) ENGINE=InnoDB AUTO_INCREMENT=149 DEFAULT CHARSET=utf8mb4 COLLATE=utf8mb4_general_ci;
/*!40101 SET character_set_client = @saved_cs_client */;

--
-- Dumping data for table `lista`
--

LOCK TABLES `lista` WRITE;
/*!40000 ALTER TABLE `lista` DISABLE KEYS */;
INSERT INTO `lista` VALUES (137,'Treino de Biceps e costas','A',NULL),(138,'Treino de peito e triceps','A',NULL),(139,'Treino de ombro e biceps','A',NULL),(140,'Treino de costas','A',NULL),(141,'Treino de perna','C',NULL),(146,'Teste','A',NULL),(148,'Treino heinz','A',98);
/*!40000 ALTER TABLE `lista` ENABLE KEYS */;
UNLOCK TABLES;

--
-- Table structure for table `lista_exercicios`
--

DROP TABLE IF EXISTS `lista_exercicios`;
/*!40101 SET @saved_cs_client     = @@character_set_client */;
/*!50503 SET character_set_client = utf8mb4 */;
CREATE TABLE `lista_exercicios` (
  `lista_idlista` int(11) NOT NULL,
  `exercicios_idexercicio` int(11) NOT NULL,
  KEY `lista_idlista` (`lista_idlista`),
  KEY `exercicios_idexercicio` (`exercicios_idexercicio`),
  CONSTRAINT `lista_exercicios_ibfk_1` FOREIGN KEY (`lista_idlista`) REFERENCES `lista` (`idlista`),
  CONSTRAINT `lista_exercicios_ibfk_2` FOREIGN KEY (`exercicios_idexercicio`) REFERENCES `exercicios` (`idexercicio`)
) ENGINE=InnoDB DEFAULT CHARSET=utf8mb4 COLLATE=utf8mb4_general_ci;
/*!40101 SET character_set_client = @saved_cs_client */;

--
-- Dumping data for table `lista_exercicios`
--

LOCK TABLES `lista_exercicios` WRITE;
/*!40000 ALTER TABLE `lista_exercicios` DISABLE KEYS */;
INSERT INTO `lista_exercicios` VALUES (137,29),(137,34),(137,33),(137,43),(137,1),(137,3),(137,6),(138,18),(138,20),(138,23),(138,19),(138,13),(138,17),(138,14),(139,48),(139,50),(139,46),(139,8),(139,3),(139,1),(140,26),(140,29),(140,43),(140,44),(140,33),(140,34),(141,58),(141,59),(141,56),(141,57),(141,84),(146,5),(146,3),(148,29),(148,40),(148,34),(148,44),(148,3),(148,1),(148,6);
/*!40000 ALTER TABLE `lista_exercicios` ENABLE KEYS */;
UNLOCK TABLES;

--
-- Table structure for table `usuarios`
--

DROP TABLE IF EXISTS `usuarios`;
/*!40101 SET @saved_cs_client     = @@character_set_client */;
/*!50503 SET character_set_client = utf8mb4 */;
CREATE TABLE `usuarios` (
  `UsuarioID` int(11) NOT NULL AUTO_INCREMENT,
  `Nome` varchar(100) NOT NULL,
  `Email` varchar(100) NOT NULL,
  `Senha` varchar(100) NOT NULL,
  `Sexo` varchar(45) DEFAULT NULL,
  `Altura` decimal(5,2) DEFAULT NULL,
  `Peso` decimal(5,2) DEFAULT NULL,
  PRIMARY KEY (`UsuarioID`),
  UNIQUE KEY `Email` (`Email`)
) ENGINE=InnoDB AUTO_INCREMENT=99 DEFAULT CHARSET=utf8mb4 COLLATE=utf8mb4_general_ci;
/*!40101 SET character_set_client = @saved_cs_client */;

--
-- Dumping data for table `usuarios`
--

LOCK TABLES `usuarios` WRITE;
/*!40000 ALTER TABLE `usuarios` DISABLE KEYS */;
INSERT INTO `usuarios` VALUES (83,'Heinz','mateusheinzthomesen@gmail.com','521b1fc298c08850972c88e67fe57e8c','Masculino',1.77,66.00),(88,'pedro','pedrin123@gmail','bf70246a043401423f100a9c59660dd1','Masculino',1.23,20.00),(98,'Mateus Bittencourt','mpbittenc@gmail.com','202cb962ac59075b964b07152d234b70','Masculino',1.79,66.00);
/*!40000 ALTER TABLE `usuarios` ENABLE KEYS */;
UNLOCK TABLES;
/*!40103 SET TIME_ZONE=@OLD_TIME_ZONE */;

/*!40101 SET SQL_MODE=@OLD_SQL_MODE */;
/*!40014 SET FOREIGN_KEY_CHECKS=@OLD_FOREIGN_KEY_CHECKS */;
/*!40014 SET UNIQUE_CHECKS=@OLD_UNIQUE_CHECKS */;
/*!40101 SET CHARACTER_SET_CLIENT=@OLD_CHARACTER_SET_CLIENT */;
/*!40101 SET CHARACTER_SET_RESULTS=@OLD_CHARACTER_SET_RESULTS */;
/*!40101 SET COLLATION_CONNECTION=@OLD_COLLATION_CONNECTION */;
/*!40111 SET SQL_NOTES=@OLD_SQL_NOTES */;

-- Dump completed on 2024-11-18 12:12:17
